Vuelos,Media_min,Mediana_min,P95_min,P99_min,Min_min,Max_min
2028,16.24507725180802,15.6,30.883333333333333,35.142833333333336,1.0333333333333334,48.3
